ACC,F1_macro
0.9730337078651685,0.9724522889382458
0.952808988764045,0.9516419929321405
0.9662921348314607,0.9663947254099711
0.9573033707865168,0.9564751529139514
0.9617977528089887,0.9598041703008422
