,0,1,2,3,4,accuracy,macro avg,weighted avg
precision,0.9339407744874715,0.990234375,0.9361179361179361,0.9811827956989247,0.9656565656565657,0.9622471910112359,0.9614264893921796,0.9627270870086299
recall,0.9832134292565947,0.9921722113502935,0.9501246882793017,0.9455958549222798,0.9372549019607843,0.9622471910112359,0.9616722171538509,0.9622471910112359
f1-score,0.9579439252336449,0.9912023460410557,0.943069306930693,0.9630606860158312,0.9512437810945273,0.9622471910112359,0.9613040090631506,0.9622532857927808
support,417.0,511.0,401.0,386.0,510.0,0.9622471910112359,2225.0,2225.0
